sample-id,location,Site_number,lat,long,sample_type,collection_time,collection_date,forward_filename,reverse_filename,phosphate,silicate,nitrite_plus_nitrate,ammonia
1,moorea,1,-17.58796,-149.85012,lagoon_water,15:30,5/20/21,lane1-s002-index--CTCGACTT-ATCGTACG-1_S2_R1_001.fastq.gz,lane1-s002-index--CTCGACTT-ATCGTACG-1_S2_R2_001.fastq.gz,0.22,0.78,0.38,0.88
2,moorea,2,-17.59043,-149.85131,lagoon_water,16:12,5/20/21,lane1-s003-index--CGAAGTAT-ATCGTACG-2_S3_R1_001.fastq.gz,lane1-s003-index--CGAAGTAT-ATCGTACG-2_S3_R2_001.fastq.gz,0.18,1.06,0.36,0.62
3,moorea,3,-17.59053,-149.86127,lagoon_water,13:30,5/20/21,lane1-s004-index--TAGCAGCT-ATCGTACG-3_S4_R1_001.fastq.gz,lane1-s004-index--TAGCAGCT-ATCGTACG-3_S4_R2_001.fastq.gz,0.18,0.65,0.14,0.1
4,moorea,4,-17.58474,-149.85843,lagoon_water,13:54,5/20/21,lane1-s005-index--TCTCTATG-ATCGTACG-4_S5_R1_001.fastq.gz,lane1-s005-index--TCTCTATG-ATCGTACG-4_S5_R2_001.fastq.gz,0.19,0.77,0.18,0.17
5,moorea,5,-17.5851,-149.86729,lagoon_water,12:24,5/20/21,lane1-s006-index--GATCTACG-ATCGTACG-5_S6_R1_001.fastq.gz,lane1-s006-index--GATCTACG-ATCGTACG-5_S6_R2_001.fastq.gz,0.18,0.68,0.11,1.15
6,moorea,6,-17.57797,-149.87319,lagoon_water,10:41,5/20/21,lane1-s007-index--GTAACGAG-ATCGTACG-6_S7_R1_001.fastq.gz,lane1-s007-index--GTAACGAG-ATCGTACG-6_S7_R2_001.fastq.gz,0.19,0.82,0.11,0.06
7,moorea,7,-17.57851,-149.86222,lagoon_water,13:01,5/20/21,lane1-s008-index--ACGTGCGC-ATCGTACG-7_S8_R1_001.fastq.gz,lane1-s008-index--ACGTGCGC-ATCGTACG-7_S8_R2_001.fastq.gz,0.18,0.91,0.18,0.3
8,moorea,8,-17.58235,-149.85452,lagoon_water,14:15,5/20/21,lane1-s009-index--ATAGTACC-ATCGTACG-8_S9_R1_001.fastq.gz,lane1-s009-index--ATAGTACC-ATCGTACG-8_S9_R2_001.fastq.gz,0.19,0.8,0.27,0.13
9,moorea,9,-17.57453,-149.874,lagoon_water,10:11,5/20/21,lane1-s010-index--CTCGACTT-ACTATCTG-9_S10_R1_001.fastq.gz,lane1-s010-index--CTCGACTT-ACTATCTG-9_S10_R2_001.fastq.gz,0.19,0.87,0.08,0.15
10,moorea,10,-17.57521,-149.87,lagoon_water,11:05,5/20/21,lane1-s011-index--CGAAGTAT-ACTATCTG-10_S11_R1_001.fastq.gz,lane1-s011-index--CGAAGTAT-ACTATCTG-10_S11_R2_001.fastq.gz,0.18,0.7,0.12,0.14
11,moorea,11,-17.57273,-149.86616,lagoon_water,11:31,5/20/21,lane1-s012-index--TAGCAGCT-ACTATCTG-11_S12_R1_001.fastq.gz,lane1-s012-index--TAGCAGCT-ACTATCTG-11_S12_R2_001.fastq.gz,0.2,4.7,0.19,0.32
13,moorea,13,-17.56769,-149.87057,lagoon_water,9:51,5/20/21,lane1-s013-index--TCTCTATG-ACTATCTG-13_S13_R1_001.fastq.gz,lane1-s013-index--TCTCTATG-ACTATCTG-13_S13_R2_001.fastq.gz,0.22,1.31,0.34,0.5
14,moorea,14,-17.58281,-149.86626,lagoon_water,11:50,5/20/21,lane1-s014-index--GATCTACG-ACTATCTG-14_S14_R1_001.fastq.gz,lane1-s014-index--GATCTACG-ACTATCTG-14_S14_R2_001.fastq.gz,0.18,0.74,0.15,0.17
15,moorea,15,-17.58035,-149.8535,lagoon_water,14:45,5/20/21,lane1-s015-index--GTAACGAG-ACTATCTG-15_S15_R1_001.fastq.gz,lane1-s015-index--GTAACGAG-ACTATCTG-15_S15_R2_001.fastq.gz,0.19,0.96,0.22,0.05
16,moorea,16,-17.58695,-149.84261,lagoon_water,16:24,5/20/21,lane1-s016-index--ACGTGCGC-ACTATCTG-16_S16_R1_001.fastq.gz,lane1-s016-index--ACGTGCGC-ACTATCTG-16_S16_R2_001.fastq.gz,0.22,3.55,0.54,0.75
17,moorea,17,-17.59329,-149.83903,lagoon_water,10:18,5/26/21,lane1-s017-index--ATAGTACC-ACTATCTG-17_S17_R1_001.fastq.gz,lane1-s017-index--ATAGTACC-ACTATCTG-17_S17_R2_001.fastq.gz,0.19,1.07,0.24,1.48
19,moorea,19,-17.59716,-149.83776,lagoon_water,10:40,5/26/21,lane1-s018-index--CTCGACTT-TAGCGAGT-19_S18_R1_001.fastq.gz,lane1-s018-index--CTCGACTT-TAGCGAGT-19_S18_R2_001.fastq.gz,0.16,0.78,0.17,0.77
20,moorea,20,-17.60238,-149.83034,lagoon_water,15:50,5/26/21,lane1-s019-index--CGAAGTAT-TAGCGAGT-20_S19_R1_001.fastq.gz,lane1-s019-index--CGAAGTAT-TAGCGAGT-20_S19_R2_001.fastq.gz,0.18,0.66,0.17,1.27
21,moorea,21,-17.59344,-149.82625,lagoon_water,10:57,5/26/21,lane1-s020-index--TAGCAGCT-TAGCGAGT-21_S20_R1_001.fastq.gz,lane1-s020-index--TAGCAGCT-TAGCGAGT-21_S20_R2_001.fastq.gz,0.18,0.8,0.28,1.13
22,moorea,22,-17.60255,-149.80759,lagoon_water,13:50,5/26/21,lane1-s021-index--TCTCTATG-TAGCGAGT-22_S21_R1_001.fastq.gz,lane1-s021-index--TCTCTATG-TAGCGAGT-22_S21_R2_001.fastq.gz,0.16,0.77,0.14,0.63
24,moorea,24,-17.59378,-149.81353,lagoon_water,14:24,5/26/21,lane1-s022-index--GATCTACG-TAGCGAGT-24_S22_R1_001.fastq.gz,lane1-s022-index--GATCTACG-TAGCGAGT-24_S22_R2_001.fastq.gz,0.2,0.81,0.29,0.68
25,moorea,25,-17.59514,-149.80741,lagoon_water,12:56,5/26/21,lane1-s023-index--GTAACGAG-TAGCGAGT-25_S23_R1_001.fastq.gz,lane1-s023-index--GTAACGAG-TAGCGAGT-25_S23_R2_001.fastq.gz,0.18,0.83,0.23,0.77
26,moorea,26,-17.59317,-149.80337,lagoon_water,11:52,5/26/21,lane1-s024-index--ACGTGCGC-TAGCGAGT-26_S24_R1_001.fastq.gz,lane1-s024-index--ACGTGCGC-TAGCGAGT-26_S24_R2_001.fastq.gz,0.2,0.87,0.25,0.82
27,moorea,27,-17.59616,-149.79826,lagoon_water,12:26,5/26/21,lane1-s025-index--ATAGTACC-TAGCGAGT-27_S25_R1_001.fastq.gz,lane1-s025-index--ATAGTACC-TAGCGAGT-27_S25_R2_001.fastq.gz,0.14,0.74,0.16,0.63
28,moorea,28,-17.59882,-149.81939,lagoon_water,14:57,5/26/21,lane1-s026-index--CTCGACTT-CTGCGTGT-28_S26_R1_001.fastq.gz,lane1-s026-index--CTCGACTT-CTGCGTGT-28_S26_R2_001.fastq.gz,0.17,0.79,0.1,1.05
29,moorea,29,-17.59742,-149.82838,lagoon_water,11:12,5/26/21,lane1-s027-index--CGAAGTAT-CTGCGTGT-29_S27_R1_001.fastq.gz,lane1-s027-index--CGAAGTAT-CTGCGTGT-29_S27_R2_001.fastq.gz,0.16,0.78,0.14,1.47
30,moorea,30,-17.59746,-149.80912,lagoon_water,14:08,5/26/21,lane1-s028-index--TAGCAGCT-CTGCGTGT-30_S28_R1_001.fastq.gz,lane1-s028-index--TAGCAGCT-CTGCGTGT-30_S28_R2_001.fastq.gz,0.15,0.75,0.17,0.68
31,moorea,31,-17.59731,-149.80624,lagoon_water,13:11,5/26/21,lane1-s029-index--TCTCTATG-CTGCGTGT-31_S29_R1_001.fastq.gz,lane1-s029-index--TCTCTATG-CTGCGTGT-31_S29_R2_001.fastq.gz,0.16,0.73,0.19,0.62
32,moorea,32,-17.59475,-149.80159,lagoon_water,12:04,5/26/21,lane1-s030-index--GATCTACG-CTGCGTGT-32_S30_R1_001.fastq.gz,lane1-s030-index--GATCTACG-CTGCGTGT-32_S30_R2_001.fastq.gz,0.16,0.77,0.17,0.64
34,moorea,34,-17.58031,-149.79438,lagoon_water,15:00,5/22/21,lane1-s031-index--GTAACGAG-CTGCGTGT-34_S31_R1_001.fastq.gz,lane1-s031-index--GTAACGAG-CTGCGTGT-34_S31_R2_001.fastq.gz,0.17,0.77,0.1,0.09
35,moorea,35,-17.58383,-149.79855,lagoon_water,15:56,5/22/21,lane1-s032-index--ACGTGCGC-CTGCGTGT-35_S32_R1_001.fastq.gz,lane1-s032-index--ACGTGCGC-CTGCGTGT-35_S32_R2_001.fastq.gz,0.22,0.95,0.33,0.19
36,moorea,36,-17.57891,-149.7967,lagoon_water,14:44,5/22/21,lane1-s033-index--ATAGTACC-CTGCGTGT-36_S33_R1_001.fastq.gz,lane1-s033-index--ATAGTACC-CTGCGTGT-36_S33_R2_001.fastq.gz,0.1,1.24,0.31,0.46
37,moorea,37,-17.57349,-149.79429,lagoon_water,13:43,5/22/21,lane1-s034-index--CTCGACTT-TCATCGAG-37_S34_R1_001.fastq.gz,lane1-s034-index--CTCGACTT-TCATCGAG-37_S34_R2_001.fastq.gz,0.19,1.22,0.24,0.16
38,moorea,38,-17.56787,-149.7925,lagoon_water,11:30,5/22/21,lane1-s035-index--CGAAGTAT-TCATCGAG-38_S35_R1_001.fastq.gz,lane1-s035-index--CGAAGTAT-TCATCGAG-38_S35_R2_001.fastq.gz,0.2,0.74,0.24,0.15
39,moorea,39,-17.57239,-149.78833,lagoon_water,12:55,5/22/21,lane1-s036-index--TAGCAGCT-TCATCGAG-39_S36_R1_001.fastq.gz,lane1-s036-index--TAGCAGCT-TCATCGAG-39_S36_R2_001.fastq.gz,0.16,0.94,0.25,0.26
40,moorea,40,-17.57567,-149.78853,lagoon_water,14:15,5/22/21,lane1-s037-index--TCTCTATG-TCATCGAG-40_S37_R1_001.fastq.gz,lane1-s037-index--TCTCTATG-TCATCGAG-40_S37_R2_001.fastq.gz,0.2,0.75,0.2,0.11
41,moorea,41,-17.57019,-149.78739,lagoon_water,12:22,5/22/21,lane1-s038-index--GATCTACG-TCATCGAG-41_S38_R1_001.fastq.gz,lane1-s038-index--GATCTACG-TCATCGAG-41_S38_R2_001.fastq.gz,0.11,0.93,0.18,0.28
42,moorea,42,-17.56927,-149.78966,lagoon_water,11:50,5/22/21,lane1-s039-index--GTAACGAG-TCATCGAG-42_S39_R1_001.fastq.gz,lane1-s039-index--GTAACGAG-TCATCGAG-42_S39_R2_001.fastq.gz,0.12,0.82,0.22,0.29
43,moorea,43,-17.56248,-149.78303,lagoon_water,10:49,5/22/21,lane1-s040-index--ACGTGCGC-TCATCGAG-43_S40_R1_001.fastq.gz,lane1-s040-index--ACGTGCGC-TCATCGAG-43_S40_R2_001.fastq.gz,0.17,0.77,0.13,0.53
44,moorea,44,-17.5615,-149.78549,lagoon_water,10:20,5/22/21,lane1-s041-index--ATAGTACC-TCATCGAG-44_S41_R1_001.fastq.gz,lane1-s041-index--ATAGTACC-TCATCGAG-44_S41_R2_001.fastq.gz,0.19,0.73,0.07,0.03
45,moorea,45,-17.56025,-149.7891,lagoon_water,10:05,5/22/21,lane1-s042-index--CTCGACTT-CGTGAGTG-45_S42_R1_001.fastq.gz,lane1-s042-index--CTCGACTT-CGTGAGTG-45_S42_R2_001.fastq.gz,0.2,0.96,0.23,0.15
46,moorea,46,-17.55799,-149.78094,lagoon_water,9:49,5/22/21,lane1-s043-index--CGAAGTAT-CGTGAGTG-46_S43_R1_001.fastq.gz,lane1-s043-index--CGAAGTAT-CGTGAGTG-46_S43_R2_001.fastq.gz,0.19,0.88,0.19,0.15
47,moorea,47,-17.59313,-149.85466,lagoon_water,15:15,5/20/21,lane1-s045-index--GATCTACG-CGTGAGTG-47_S45_R1_001.fastq.gz,lane1-s045-index--GATCTACG-CGTGAGTG-47_S45_R2_001.fastq.gz,0.21,0.79,0.14,0.12
48,moorea,48,-17.59492,-149.81718,lagoon_water,14:41,5/26/21,lane1-s046-index--GTAACGAG-CGTGAGTG-48_S46_R1_001.fastq.gz,lane1-s046-index--GTAACGAG-CGTGAGTG-48_S46_R2_001.fastq.gz,0.17,0.74,0.14,1.03
50,moorea,50,-17.601,-149.80085,lagoon_water,13:28,5/26/21,lane1-s047-index--ACGTGCGC-CGTGAGTG-50_S47_R1_001.fastq.gz,lane1-s047-index--ACGTGCGC-CGTGAGTG-50_S47_R2_001.fastq.gz,0.17,0.74,0.13,0.6
51,moorea,51,-17.55479,-149.78912,lagoon_water,9:30,5/22/21,lane1-s048-index--ATAGTACC-CGTGAGTG-51_S48_R1_001.fastq.gz,lane1-s048-index--ATAGTACC-CGTGAGTG-51_S48_R2_001.fastq.gz,0.22,0.97,0.54,0.9
52,moorea,52,-17.5483,-149.78066,lagoon_water,16:01,5/21/21,lane1-s049-index--GCGTATAC-CGTGAGTG-52_S49_R1_001.fastq.gz,lane1-s049-index--GCGTATAC-CGTGAGTG-52_S49_R2_001.fastq.gz,0.16,0.92,0.31,0.27
53,moorea,53,-17.54554,-149.77825,lagoon_water,15:35,5/21/21,lane1-s050-index--TGCTCGTA-CGTGAGTG-53_S50_R1_001.fastq.gz,lane1-s050-index--TGCTCGTA-CGTGAGTG-53_S50_R2_001.fastq.gz,0.21,1.04,0.31,0.7
54,moorea,54,-17.54049,-149.77395,lagoon_water,14:33,5/21/21,lane1-s051-index--AACGCTGA-CGTGAGTG-54_S51_R1_001.fastq.gz,lane1-s051-index--AACGCTGA-CGTGAGTG-54_S51_R2_001.fastq.gz,0.21,0.86,0.22,1.11
55,moorea,55,-17.54389,-149.77475,lagoon_water,14:45,5/21/21,lane1-s052-index--CGTAGCGA-CGTGAGTG-55_S52_R1_001.fastq.gz,lane1-s052-index--CGTAGCGA-CGTGAGTG-55_S52_R2_001.fastq.gz,0.21,1,0.39,1.55
56,moorea,56,-17.54066,-149.77038,lagoon_water,14:04,5/21/21,lane1-s053-index--CAGTAGGT-GGATATCT-56_S53_R1_001.fastq.gz,lane1-s053-index--CAGTAGGT-GGATATCT-56_S53_R2_001.fastq.gz,0.17,0.71,0.17,0.76
57,moorea,57,-17.54171,-149.76657,lagoon_water,13:34,5/21/21,lane1-s054-index--ATAGCGCT-GGATATCT-57_S54_R1_001.fastq.gz,lane1-s054-index--ATAGCGCT-GGATATCT-57_S54_R2_001.fastq.gz,0.19,0.8,0.23,0.87
58,moorea,58,-17.54809,-149.77324,lagoon_water,15:04,5/21/21,lane1-s055-index--TCTAGACT-GGATATCT-58_S55_R1_001.fastq.gz,lane1-s055-index--TCTAGACT-GGATATCT-58_S55_R2_001.fastq.gz,0.17,0.75,0.18,0.73
59,moorea,59,-17.54355,-149.77061,lagoon_water,16:13,5/21/21,lane1-s056-index--TCCTCATG-GGATATCT-59_S56_R1_001.fastq.gz,lane1-s056-index--TCCTCATG-GGATATCT-59_S56_R2_001.fastq.gz,0.14,0.98,0.15,0
60,moorea,60,-17.55227,-149.7774,lagoon_water,15:45,5/21/21,lane1-s057-index--CGAGCTAG-GGATATCT-60_S57_R1_001.fastq.gz,lane1-s057-index--CGAGCTAG-GGATATCT-60_S57_R2_001.fastq.gz,0.16,0.84,0.32,1.31
61,moorea,61,-17.53524,-149.77153,lagoon_water,11:42,5/21/21,lane1-s058-index--CTCTAGAG-GGATATCT-61_S58_R1_001.fastq.gz,lane1-s058-index--CTCTAGAG-GGATATCT-61_S58_R2_001.fastq.gz,0.12,0.82,0.17,0.59
62,moorea,62,-17.53598,-149.76799,lagoon_water,12:13,5/21/21,lane1-s059-index--ATGAGCTC-GGATATCT-62_S59_R1_001.fastq.gz,lane1-s059-index--ATGAGCTC-GGATATCT-62_S59_R2_001.fastq.gz,0.1,0.78,0.14,0.49
63,moorea,63,-17.53694,-149.76456,lagoon_water,12:45,5/21/21,lane1-s060-index--AGCATACC-GGATATCT-63_S60_R1_001.fastq.gz,lane1-s060-index--AGCATACC-GGATATCT-63_S60_R2_001.fastq.gz,0.11,0.72,0.14,0.47
64,moorea,64,-17.52993,-149.76623,lagoon_water,10:48,5/21/21,lane1-s061-index--CGTCATAC-GGATATCT-64_S61_R1_001.fastq.gz,lane1-s061-index--CGTCATAC-GGATATCT-64_S61_R2_001.fastq.gz,0.11,0.76,0.17,0.42
65,moorea,65,-17.52484,-149.76495,lagoon_water,9:53,5/21/21,lane1-s062-index--TCAGTCTA-GGATATCT-65_S62_R1_001.fastq.gz,lane1-s062-index--TCAGTCTA-GGATATCT-65_S62_R2_001.fastq.gz,0.14,0.82,0.16,0.12
66,moorea,66,-17.5284,-149.7735,lagoon_water,11:19,5/21/21,lane1-s063-index--CATCGTGA-GGATATCT-66_S63_R1_001.fastq.gz,lane1-s063-index--CATCGTGA-GGATATCT-66_S63_R2_001.fastq.gz,0.13,0.92,0.37,0.75
67,moorea,67,-17.52267,-149.77937,lagoon_water,16:35,5/21/21,lane1-s064-index--CAGTAGGT-GACACCGT-67_S64_R1_001.fastq.gz,lane1-s064-index--CAGTAGGT-GACACCGT-67_S64_R2_001.fastq.gz,0.14,2.38,0.31,-0.01
68,moorea,68,-17.52007,-149.77383,lagoon_water,16:20,5/21/21,lane1-s065-index--ATAGCGCT-GACACCGT-68_S65_R1_001.fastq.gz,lane1-s065-index--ATAGCGCT-GACACCGT-68_S65_R2_001.fastq.gz,0.11,0.82,0.2,-0.01
69,moorea,69,-17.51598,-149.76878,lagoon_water,15:05,5/21/21,lane1-s066-index--TCTAGACT-GACACCGT-69_S66_R1_001.fastq.gz,lane1-s066-index--TCTAGACT-GACACCGT-69_S66_R2_001.fastq.gz,0.14,1.05,0.27,0.02
70,moorea,70,-17.5103,-149.76659,lagoon_water,12:37,5/21/21,lane1-s067-index--TCCTCATG-GACACCGT-70_S67_R1_001.fastq.gz,lane1-s067-index--TCCTCATG-GACACCGT-70_S67_R2_001.fastq.gz,0.11,0.76,0.09,0.06
71,moorea,71,-17.51072,-149.76303,lagoon_water,13:00,5/21/21,lane1-s068-index--CGAGCTAG-GACACCGT-71_S68_R1_001.fastq.gz,lane1-s068-index--CGAGCTAG-GACACCGT-71_S68_R2_001.fastq.gz,0.11,0.74,0.1,-0.01
72,moorea,72,-17.52173,-149.76436,lagoon_water,15:51,5/21/21,lane1-s069-index--CTCTAGAG-GACACCGT-72_S69_R1_001.fastq.gz,lane1-s069-index--CTCTAGAG-GACACCGT-72_S69_R2_001.fastq.gz,0.12,0.81,0.16,-0.01
73,moorea,73,-17.51639,-149.76421,lagoon_water,15:24,5/21/21,lane1-s070-index--ATGAGCTC-GACACCGT-73_S70_R1_001.fastq.gz,lane1-s070-index--ATGAGCTC-GACACCGT-73_S70_R2_001.fastq.gz,0.11,0.76,0.1,-0.02
74,moorea,74,-17.50533,-149.76093,lagoon_water,11:52,5/21/21,lane1-s071-index--AGCATACC-GACACCGT-74_S71_R1_001.fastq.gz,lane1-s071-index--AGCATACC-GACACCGT-74_S71_R2_001.fastq.gz,0.1,0.76,0.08,0.08
75,moorea,75,-17.50327,-149.76453,lagoon_water,11:21,5/21/21,lane1-s072-index--CGTCATAC-GACACCGT-75_S72_R1_001.fastq.gz,lane1-s072-index--CGTCATAC-GACACCGT-75_S72_R2_001.fastq.gz,0.1,0.74,0.05,0
76,moorea,76,-17.50094,-149.76272,lagoon_water,11:05,5/21/21,lane1-s073-index--TCAGTCTA-GACACCGT-76_S73_R1_001.fastq.gz,lane1-s073-index--TCAGTCTA-GACACCGT-76_S73_R2_001.fastq.gz,0.09,0.72,0.06,0
77,moorea,77,-17.50258,-149.75975,lagoon_water,10:39,5/21/21,lane1-s074-index--CATCGTGA-GACACCGT-77_S74_R1_001.fastq.gz,lane1-s074-index--CATCGTGA-GACACCGT-77_S74_R2_001.fastq.gz,0.09,0.77,0.04,0.21
78,moorea,78,-17.50025,-149.75765,lagoon_water,10:09,5/21/21,lane1-s075-index--GAGCTCGA-GACACCGT-78_S75_R1_001.fastq.gz,lane1-s075-index--GAGCTCGA-GACACCGT-78_S75_R2_001.fastq.gz,0.12,0.81,0.08,-0.01
79,moorea,79,-17.60411,-149.82103,lagoon_water,15:12,5/26/21,lane1-s076-index--CAGTAGGT-CTACTATA-79_S76_R1_001.fastq.gz,lane1-s076-index--CAGTAGGT-CTACTATA-79_S76_R2_001.fastq.gz,0.12,0.73,0.14,1.17
80,moorea,80,-17.56381,-149.87435,lagoon_water,16:45,5/20/21,lane1-s077-index--ATAGCGCT-CTACTATA-80_S77_R1_001.fastq.gz,lane1-s077-index--ATAGCGCT-CTACTATA-80_S77_R2_001.fastq.gz,0.16,1.17,0.31,0.67
81,moorea,81,-17.5651,-149.87756,lagoon_water,9:29,5/20/21,lane1-s078-index--TCTAGACT-CTACTATA-81_S78_R1_001.fastq.gz,lane1-s078-index--TCTAGACT-CTACTATA-81_S78_R2_001.fastq.gz,0.18,1,0.35,0.23
82,moorea,82,-17.56891,-149.87854,lagoon_water,9:28,5/20/21,lane1-s079-index--TCCTCATG-CTACTATA-82_S79_R1_001.fastq.gz,lane1-s079-index--TCCTCATG-CTACTATA-82_S79_R2_001.fastq.gz,0.15,0.75,0.13,0.12
83,moorea,83,-17.56706,-149.88305,lagoon_water,10:01,5/20/21,lane1-s080-index--CGAGCTAG-CTACTATA-83_S80_R1_001.fastq.gz,lane1-s080-index--CGAGCTAG-CTACTATA-83_S80_R2_001.fastq.gz,0.12,0.83,0.23,0.09
84,moorea,84,-17.56044,-149.88653,lagoon_water,11:05,5/20/21,lane1-s081-index--CTCTAGAG-CTACTATA-84_S81_R1_001.fastq.gz,lane1-s081-index--CTCTAGAG-CTACTATA-84_S81_R2_001.fastq.gz,0.13,0.78,0.28,0.13
85,moorea,85,-17.56351,-149.88122,lagoon_water,10:31,5/20/21,lane1-s082-index--ATGAGCTC-CTACTATA-85_S82_R1_001.fastq.gz,lane1-s082-index--ATGAGCTC-CTACTATA-85_S82_R2_001.fastq.gz,0.15,0.73,0.32,1.32
86,moorea,86,-17.5585,-149.88263,lagoon_water,11:38,5/20/21,lane1-s083-index--AGCATACC-CTACTATA-86_S83_R1_001.fastq.gz,lane1-s083-index--AGCATACC-CTACTATA-86_S83_R2_001.fastq.gz,0.09,0.94,0.35,0.14
87,moorea,87,-17.55784,-149.87963,lagoon_water,12:05,5/20/21,lane1-s084-index--CGTCATAC-CTACTATA-87_S84_R1_001.fastq.gz,lane1-s084-index--CGTCATAC-CTACTATA-87_S84_R2_001.fastq.gz,0.16,0.99,0.4,1.16
89,moorea,89,-17.55474,-149.88559,lagoon_water,13:51,5/20/21,lane1-s085-index--TCAGTCTA-CTACTATA-89_S85_R1_001.fastq.gz,lane1-s085-index--TCAGTCTA-CTACTATA-89_S85_R2_001.fastq.gz,0.15,1.03,0.31,1.18
90,moorea,90,-17.55574,-149.88792,lagoon_water,12:58,5/20/21,lane1-s087-index--CAGTAGGT-CGTTACTA-90_S87_R1_001.fastq.gz,lane1-s087-index--CAGTAGGT-CGTTACTA-90_S87_R2_001.fastq.gz,0.08,0.84,0.2,0.13
91,moorea,91,-17.55742,-149.89051,lagoon_water,13:25,5/20/21,lane1-s088-index--ATAGCGCT-CGTTACTA-91_S88_R1_001.fastq.gz,lane1-s088-index--ATAGCGCT-CGTTACTA-91_S88_R2_001.fastq.gz,0.15,0.74,0.35,0.56
92,moorea,92,-17.55033,-149.89705,lagoon_water,14:44,5/20/21,lane1-s089-index--TCTAGACT-CGTTACTA-92_S89_R1_001.fastq.gz,lane1-s089-index--TCTAGACT-CGTTACTA-92_S89_R2_001.fastq.gz,0.08,0.93,0.28,0.09
93,moorea,93,-17.54638,-149.89117,lagoon_water,15:24,5/20/21,lane1-s090-index--TCCTCATG-CGTTACTA-93_S90_R1_001.fastq.gz,lane1-s090-index--TCCTCATG-CGTTACTA-93_S90_R2_001.fastq.gz,0.1,1.28,0.47,0.18
94,moorea,94,-17.54781,-149.89496,lagoon_water,15:40,5/19/21,lane1-s091-index--CGAGCTAG-CGTTACTA-94_S91_R1_001.fastq.gz,lane1-s091-index--CGAGCTAG-CGTTACTA-94_S91_R2_001.fastq.gz,0.12,0.74,0.2,0.05
95,moorea,95,-17.54494,-149.90223,lagoon_water,15:08,5/19/21,lane1-s092-index--CTCTAGAG-CGTTACTA-95_S92_R1_001.fastq.gz,lane1-s092-index--CTCTAGAG-CGTTACTA-95_S92_R2_001.fastq.gz,0.15,0.71,0.17,0.08
96,moorea,96,-17.53816,-149.90449,lagoon_water,13:47,5/19/21,lane1-s093-index--ATGAGCTC-CGTTACTA-96_S93_R1_001.fastq.gz,lane1-s093-index--ATGAGCTC-CGTTACTA-96_S93_R2_001.fastq.gz,0.16,1.17,0.52,0.11
97,moorea,97,-17.54098,-149.90676,lagoon_water,14:02,5/19/21,lane1-s094-index--AGCATACC-CGTTACTA-97_S94_R1_001.fastq.gz,lane1-s094-index--AGCATACC-CGTTACTA-97_S94_R2_001.fastq.gz,0.14,0.78,0.16,0
98,moorea,98,-17.54182,-149.89851,lagoon_water,14:30,5/19/21,lane1-s095-index--CGTCATAC-CGTTACTA-98_S95_R1_001.fastq.gz,lane1-s095-index--CGTCATAC-CGTTACTA-98_S95_R2_001.fastq.gz,0.14,0.71,0.24,0.1
99,moorea,99,-17.53413,-149.90549,lagoon_water,13:20,5/19/21,lane1-s096-index--TCAGTCTA-CGTTACTA-99_S96_R1_001.fastq.gz,lane1-s096-index--TCAGTCTA-CGTTACTA-99_S96_R2_001.fastq.gz,0.17,0.81,0.44,1.13
100,moorea,100,-17.53432,-149.91013,lagoon_water,12:45,5/19/21,lane1-s097-index--CATCGTGA-CGTTACTA-100_S97_R1_001.fastq.gz,lane1-s097-index--CATCGTGA-CGTTACTA-100_S97_R2_001.fastq.gz,0.14,0.69,0.21,0.05
101,moorea,101,-17.53756,-149.91211,lagoon_water,12:04,5/19/21,lane1-s098-index--GAGCTCGA-CGTTACTA-101_S98_R1_001.fastq.gz,lane1-s098-index--GAGCTCGA-CGTTACTA-101_S98_R2_001.fastq.gz,0.17,0.75,0.15,0.01
102,moorea,102,-17.52928,-149.91816,lagoon_water,11:21,5/19/21,lane1-s099-index--CAGTAGGT-AGAGTCAC-102_S99_R1_001.fastq.gz,lane1-s099-index--CAGTAGGT-AGAGTCAC-102_S99_R2_001.fastq.gz,0.17,0.72,0.17,0
103,moorea,103,-17.52735,-149.91403,lagoon_water,10:56,5/19/21,lane1-s100-index--ATAGCGCT-AGAGTCAC-103_S100_R1_001.fastq.gz,lane1-s100-index--ATAGCGCT-AGAGTCAC-103_S100_R2_001.fastq.gz,0.18,0.77,0.38,0.17
104,moorea,104,-17.52568,-149.91074,lagoon_water,10:22,5/19/21,lane1-s101-index--TCTAGACT-AGAGTCAC-104_S101_R1_001.fastq.gz,lane1-s101-index--TCTAGACT-AGAGTCAC-104_S101_R2_001.fastq.gz,0.18,1,0.47,0.21
105,moorea,105,-17.52007,-149.92062,lagoon_water,10:05,5/19/21,lane1-s102-index--TCCTCATG-AGAGTCAC-105_S102_R1_001.fastq.gz,lane1-s102-index--TCCTCATG-AGAGTCAC-105_S102_R2_001.fastq.gz,0.15,0.75,0.37,1.16
106,moorea,106,-17.51945,-149.91706,lagoon_water,10:52,5/19/21,lane1-s103-index--CGAGCTAG-AGAGTCAC-106_S103_R1_001.fastq.gz,lane1-s103-index--CGAGCTAG-AGAGTCAC-106_S103_R2_001.fastq.gz,0.12,0.91,0.42,0.28
107,moorea,107,-17.51886,-149.91327,lagoon_water,11:29,5/19/21,lane1-s104-index--CTCTAGAG-AGAGTCAC-107_S104_R1_001.fastq.gz,lane1-s104-index--CTCTAGAG-AGAGTCAC-107_S104_R2_001.fastq.gz,0.08,1.35,0.38,0.12
108,moorea,108,-17.51273,-149.92259,lagoon_water,12:54,5/19/21,lane1-s105-index--ATGAGCTC-AGAGTCAC-108_S105_R1_001.fastq.gz,lane1-s105-index--ATGAGCTC-AGAGTCAC-108_S105_R2_001.fastq.gz,0.08,0.83,0.26,0.63
109,moorea,109,-17.51139,-149.91945,lagoon_water,13:34,5/19/21,lane1-s106-index--AGCATACC-AGAGTCAC-109_S106_R1_001.fastq.gz,lane1-s106-index--AGCATACC-AGAGTCAC-109_S106_R2_001.fastq.gz,0.1,0.88,0.3,0.76
110,moorea,110,-17.51056,-149.91592,lagoon_water,14:40,5/19/21,lane1-s107-index--CGTCATAC-AGAGTCAC-110_S107_R1_001.fastq.gz,lane1-s107-index--CGTCATAC-AGAGTCAC-110_S107_R2_001.fastq.gz,0.14,0.97,0.41,0.21
111,moorea,111,-17.50318,-149.92404,lagoon_water,15:13,5/19/21,lane1-s108-index--TCAGTCTA-AGAGTCAC-111_S108_R1_001.fastq.gz,lane1-s108-index--TCAGTCTA-AGAGTCAC-111_S108_R2_001.fastq.gz,0.14,0.75,0.3,0.18
112,moorea,112,-17.50348,-149.92064,lagoon_water,15:46,5/19/21,lane1-s109-index--CATCGTGA-AGAGTCAC-112_S109_R1_001.fastq.gz,lane1-s109-index--CATCGTGA-AGAGTCAC-112_S109_R2_001.fastq.gz,0.09,0.8,0.36,0.18
113,moorea,113,-17.50287,-149.91747,lagoon_water,16:16,5/19/21,lane1-s110-index--GAGCTCGA-AGAGTCAC-113_S110_R1_001.fastq.gz,lane1-s110-index--GAGCTCGA-AGAGTCAC-113_S110_R2_001.fastq.gz,0.15,1.34,0.58,0.27
114,moorea,114,-17.49546,-149.92357,lagoon_water,9:15,5/24/21,lane1-s111-index--CAGTAGGT-TACGAGAC-114_S111_R1_001.fastq.gz,lane1-s111-index--CAGTAGGT-TACGAGAC-114_S111_R2_001.fastq.gz,0.11,0.69,0.24,0.43
115,moorea,115,-17.49504,-149.91971,lagoon_water,9:42,5/24/21,lane1-s112-index--ATAGCGCT-TACGAGAC-115_S112_R1_001.fastq.gz,lane1-s112-index--ATAGCGCT-TACGAGAC-115_S112_R2_001.fastq.gz,0.12,0.67,0.25,0.51
116,moorea,116,-17.49475,-149.9146,lagoon_water,10:00,5/24/21,lane1-s113-index--TCTAGACT-TACGAGAC-116_S113_R1_001.fastq.gz,lane1-s113-index--TCTAGACT-TACGAGAC-116_S113_R2_001.fastq.gz,0.08,0.72,0.28,0.19
117,moorea,117,-17.49065,-149.9111,lagoon_water,10:24,5/24/21,lane1-s114-index--TCCTCATG-TACGAGAC-117_S114_R1_001.fastq.gz,lane1-s114-index--TCCTCATG-TACGAGAC-117_S114_R2_001.fastq.gz,0.12,0.84,0.23,0.5
118,moorea,118,-17.48915,-149.90675,lagoon_water,11:20,5/24/21,lane1-s115-index--CGAGCTAG-TACGAGAC-118_S115_R1_001.fastq.gz,lane1-s115-index--CGAGCTAG-TACGAGAC-118_S115_R2_001.fastq.gz,0.12,0.94,0.23,0.58
119,moorea,119,-17.48592,-149.90779,lagoon_water,10:40,5/24/21,lane1-s116-index--CTCTAGAG-TACGAGAC-119_S116_R1_001.fastq.gz,lane1-s116-index--CTCTAGAG-TACGAGAC-119_S116_R2_001.fastq.gz,0.12,0.71,0.17,0.5
120,moorea,120,-17.48791,-149.90225,lagoon_water,11:42,5/24/21,lane1-s117-index--ATGAGCTC-TACGAGAC-120_S117_R1_001.fastq.gz,lane1-s117-index--ATGAGCTC-TACGAGAC-120_S117_R2_001.fastq.gz,0.13,0.74,0.21,0.66
121,moorea,121,-17.48853,-149.89686,lagoon_water,12:08,5/24/21,lane1-s118-index--AGCATACC-TACGAGAC-121_S118_R1_001.fastq.gz,lane1-s118-index--AGCATACC-TACGAGAC-121_S118_R2_001.fastq.gz,0.15,0.99,0.26,0.49
122,moorea,122,-17.48485,-149.89624,lagoon_water,12:32,5/24/21,lane1-s119-index--CGTCATAC-TACGAGAC-122_S119_R1_001.fastq.gz,lane1-s119-index--CGTCATAC-TACGAGAC-122_S119_R2_001.fastq.gz,0.11,0.78,0.21,0.48
123,moorea,123,-17.48895,-149.89129,lagoon_water,13:15,5/24/21,lane1-s120-index--TCAGTCTA-TACGAGAC-123_S120_R1_001.fastq.gz,lane1-s120-index--TCAGTCTA-TACGAGAC-123_S120_R2_001.fastq.gz,0.14,0.78,0.34,0.53
125,moorea,125,-17.4902,-149.88266,lagoon_water,10:07,5/25/21,lane1-s121-index--CATCGTGA-TACGAGAC-125_S121_R1_001.fastq.gz,lane1-s121-index--CATCGTGA-TACGAGAC-125_S121_R2_001.fastq.gz,0.15,0.81,0.67,0.97
126,moorea,126,-17.4918,-149.87949,lagoon_water,15:54,5/24/21,lane1-s122-index--GAGCTCGA-TACGAGAC-126_S122_R1_001.fastq.gz,lane1-s122-index--GAGCTCGA-TACGAGAC-126_S122_R2_001.fastq.gz,0.06,1.74,0.61,0.39
127,moorea,127,-17.48897,-149.87898,lagoon_water,15:26,5/24/21,lane1-s123-index--CAGTAGGT-ACGTCTCG-127_S123_R1_001.fastq.gz,lane1-s123-index--CAGTAGGT-ACGTCTCG-127_S123_R2_001.fastq.gz,0.15,0.8,0.41,0.74
128,moorea,128,-17.48683,-149.8765,lagoon_water,11:18,5/25/21,lane1-s124-index--ATAGCGCT-ACGTCTCG-128_S124_R1_001.fastq.gz,lane1-s124-index--ATAGCGCT-ACGTCTCG-128_S124_R2_001.fastq.gz,0.13,0.79,0.35,0.59
129,moorea,129,-17.48973,-149.87265,lagoon_water,12:12,5/25/21,lane1-s125-index--TCTAGACT-ACGTCTCG-129_S125_R1_001.fastq.gz,lane1-s125-index--TCTAGACT-ACGTCTCG-129_S125_R2_001.fastq.gz,0.09,1.22,0.19,0.71
130,moorea,130,-17.48467,-149.87422,lagoon_water,11:40,5/25/21,lane1-s126-index--TCCTCATG-ACGTCTCG-130_S126_R1_001.fastq.gz,lane1-s126-index--TCCTCATG-ACGTCTCG-130_S126_R2_001.fastq.gz,0.14,0.79,0.4,0.5
131,moorea,131,-17.4881,-149.86676,lagoon_water,14:50,5/25/21,lane1-s127-index--CGAGCTAG-ACGTCTCG-131_S127_R1_001.fastq.gz,lane1-s127-index--CGAGCTAG-ACGTCTCG-131_S127_R2_001.fastq.gz,0.12,1.18,0.33,0.49
132,moorea,132,-17.48744,-149.87097,lagoon_water,12:59,5/25/21,lane1-s128-index--CTCTAGAG-ACGTCTCG-132_S128_R1_001.fastq.gz,lane1-s128-index--CTCTAGAG-ACGTCTCG-132_S128_R2_001.fastq.gz,0.14,0.97,0.4,0.55
133,moorea,133,-17.49029,-149.8869,lagoon_water,14:15,5/24/21,lane1-s129-index--ATGAGCTC-ACGTCTCG-133_S129_R1_001.fastq.gz,lane1-s129-index--ATGAGCTC-ACGTCTCG-133_S129_R2_001.fastq.gz,0.08,0.87,0.36,0.24
134,moorea,134,-17.48733,-149.88701,lagoon_water,13:44,5/24/21,lane1-s130-index--AGCATACC-ACGTCTCG-134_S130_R1_001.fastq.gz,lane1-s130-index--AGCATACC-ACGTCTCG-134_S130_R2_001.fastq.gz,0.15,0.77,0.33,0.56
136,moorea,136,-17.4869,-149.88057,lagoon_water,15:00,5/24/21,lane1-s131-index--CGTCATAC-ACGTCTCG-136_S131_R1_001.fastq.gz,lane1-s131-index--CGTCATAC-ACGTCTCG-136_S131_R2_001.fastq.gz,0.08,0.85,0.37,0.26
137,moorea,137,-17.4838,-149.87981,lagoon_water,10:49,5/25/21,lane1-s132-index--TCAGTCTA-ACGTCTCG-137_S132_R1_001.fastq.gz,lane1-s132-index--TCAGTCTA-ACGTCTCG-137_S132_R2_001.fastq.gz,0.12,0.78,0.32,0.4
138,moorea,138,-17.4921,-149.87465,lagoon_water,12:35,5/25/21,lane1-s134-index--CAGTAGGT-TCGACGAG-138_S134_R1_001.fastq.gz,lane1-s134-index--CAGTAGGT-TCGACGAG-138_S134_R2_001.fastq.gz,0.14,0.99,0.28,0.63
139,moorea,139,-17.49065,-149.86812,lagoon_water,13:23,5/25/21,lane1-s135-index--ATAGCGCT-TCGACGAG-139_S135_R1_001.fastq.gz,lane1-s135-index--ATAGCGCT-TCGACGAG-139_S135_R2_001.fastq.gz,0.15,1.11,0.34,0.64
140,moorea,140,-17.49716,-149.86264,lagoon_water,13:57,5/25/21,lane1-s136-index--TCTAGACT-TCGACGAG-140_S136_R1_001.fastq.gz,lane1-s136-index--TCTAGACT-TCGACGAG-140_S136_R2_001.fastq.gz,0.13,1.6,0.54,0.47
141,moorea,141,-17.49316,-149.86737,lagoon_water,13:41,5/25/21,lane1-s137-index--TCCTCATG-TCGACGAG-141_S137_R1_001.fastq.gz,lane1-s137-index--TCCTCATG-TCGACGAG-141_S137_R2_001.fastq.gz,0.16,1.6,0.62,0.6
142,moorea,142,-17.49376,-149.85192,lagoon_water,15:15,5/25/21,lane1-s138-index--CGAGCTAG-TCGACGAG-142_S138_R1_001.fastq.gz,lane1-s138-index--CGAGCTAG-TCGACGAG-142_S138_R2_001.fastq.gz,0.12,0.84,0.37,0.5
143,moorea,143,-17.49083,-149.85442,lagoon_water,15:41,5/25/21,lane1-s139-index--CTCTAGAG-TCGACGAG-143_S139_R1_001.fastq.gz,lane1-s139-index--CTCTAGAG-TCGACGAG-143_S139_R2_001.fastq.gz,0.22,1.12,0.54,0.82
144,moorea,144,-17.48895,-149.855,lagoon_water,16:12,5/25/21,lane1-s140-index--ATGAGCTC-TCGACGAG-144_S140_R1_001.fastq.gz,lane1-s140-index--ATGAGCTC-TCGACGAG-144_S140_R2_001.fastq.gz,0.17,1.29,0.39,0.73
145,moorea,145,-17.48967,-149.84942,lagoon_water,12:55,5/26/21,lane1-s141-index--AGCATACC-TCGACGAG-145_S141_R1_001.fastq.gz,lane1-s141-index--AGCATACC-TCGACGAG-145_S141_R2_001.fastq.gz,0.17,1.26,0.46,1.68
146,moorea,146,-17.48546,-149.84699,lagoon_water,12:37,5/26/21,lane1-s142-index--CGTCATAC-TCGACGAG-146_S142_R1_001.fastq.gz,lane1-s142-index--CGTCATAC-TCGACGAG-146_S142_R2_001.fastq.gz,0.16,0.85,0.36,0.68
147,moorea,147,-17.48169,-149.84987,lagoon_water,11:44,5/26/21,lane1-s143-index--TCAGTCTA-TCGACGAG-147_S143_R1_001.fastq.gz,lane1-s143-index--TCAGTCTA-TCGACGAG-147_S143_R2_001.fastq.gz,0.15,0.94,0.29,0.62
148,moorea,148,-17.48387,-149.84902,lagoon_water,12:13,5/26/21,lane1-s144-index--CATCGTGA-TCGACGAG-148_S144_R1_001.fastq.gz,lane1-s144-index--CATCGTGA-TCGACGAG-148_S144_R2_001.fastq.gz,0.15,0.77,0.33,0.22
149,moorea,149,-17.4865,-149.85203,lagoon_water,13:16,5/26/21,lane1-s145-index--GAGCTCGA-TCGACGAG-149_S145_R1_001.fastq.gz,lane1-s145-index--GAGCTCGA-TCGACGAG-149_S145_R2_001.fastq.gz,0.16,0.94,0.46,0.73
150,moorea,150,-17.4843,-149.84201,lagoon_water,16:38,5/24/21,lane1-s146-index--CAGTAGGT-GATCGTGT-150_S146_R1_001.fastq.gz,lane1-s146-index--CAGTAGGT-GATCGTGT-150_S146_R2_001.fastq.gz,0.1,0.85,0.4,0.39
151,moorea,151,-17.47822,-149.84236,lagoon_water,11:11,5/26/21,lane1-s147-index--ATAGCGCT-GATCGTGT-151_S147_R1_001.fastq.gz,lane1-s147-index--ATAGCGCT-GATCGTGT-151_S147_R2_001.fastq.gz,0.13,0.9,0.31,0.61
152,moorea,152,-17.4801,-149.84228,lagoon_water,10:47,5/26/21,lane1-s148-index--TCTAGACT-GATCGTGT-152_S148_R1_001.fastq.gz,lane1-s148-index--TCTAGACT-GATCGTGT-152_S148_R2_001.fastq.gz,0.17,0.88,0.5,0.62
153,moorea,153,-17.47842,-149.83398,lagoon_water,10:17,5/26/21,lane1-s149-index--TCCTCATG-GATCGTGT-153_S149_R1_001.fastq.gz,lane1-s149-index--TCCTCATG-GATCGTGT-153_S149_R2_001.fastq.gz,0.14,0.93,0.38,0.64
154,moorea,154,-17.47973,-149.83653,lagoon_water,16:03,5/24/21,lane1-s150-index--CGAGCTAG-GATCGTGT-154_S150_R1_001.fastq.gz,lane1-s150-index--CGAGCTAG-GATCGTGT-154_S150_R2_001.fastq.gz,0.13,0.93,0.35,0.65
155,moorea,155,-17.48487,-149.83479,lagoon_water,15:50,5/24/21,lane1-s151-index--CTCTAGAG-GATCGTGT-155_S151_R1_001.fastq.gz,lane1-s151-index--CTCTAGAG-GATCGTGT-155_S151_R2_001.fastq.gz,0.14,0.94,0.41,0.64
156,moorea,156,-17.48503,-149.83127,lagoon_water,15:35,5/24/21,lane1-s152-index--ATGAGCTC-GATCGTGT-156_S152_R1_001.fastq.gz,lane1-s152-index--ATGAGCTC-GATCGTGT-156_S152_R2_001.fastq.gz,0.13,0.9,0.33,0.17
157,moorea,157,-17.48115,-149.83014,lagoon_water,14:53,5/24/21,lane1-s153-index--AGCATACC-GATCGTGT-157_S153_R1_001.fastq.gz,lane1-s153-index--AGCATACC-GATCGTGT-157_S153_R2_001.fastq.gz,0.11,1.13,0.18,0.34
158,moorea,158,-17.48467,-149.82752,lagoon_water,14:10,5/24/21,lane1-s154-index--CGTCATAC-GATCGTGT-158_S154_R1_001.fastq.gz,lane1-s154-index--CGTCATAC-GATCGTGT-158_S154_R2_001.fastq.gz,0.13,0.89,0.36,0.57
159,moorea,159,-17.48656,-149.82506,lagoon_water,13:44,5/24/21,lane1-s155-index--TCAGTCTA-GATCGTGT-159_S155_R1_001.fastq.gz,lane1-s155-index--TCAGTCTA-GATCGTGT-159_S155_R2_001.fastq.gz,0.15,0.99,0.35,0.7
160,moorea,160,-17.48205,-149.82621,lagoon_water,14:28,5/24/21,lane1-s156-index--CATCGTGA-GATCGTGT-160_S156_R1_001.fastq.gz,lane1-s156-index--CATCGTGA-GATCGTGT-160_S156_R2_001.fastq.gz,0.17,1.1,0.69,0.26
161,moorea,161,-17.47371,-149.77685,lagoon_water,10:17,5/23/21,lane1-s157-index--GAGCTCGA-GATCGTGT-161_S157_R1_001.fastq.gz,lane1-s157-index--GAGCTCGA-GATCGTGT-161_S157_R2_001.fastq.gz,0.14,0.84,0.23,0.18
162,moorea,162,-17.476,-149.78036,lagoon_water,10:45,5/23/21,lane1-s158-index--CAGTAGGT-GTCAGATA-162_S158_R1_001.fastq.gz,lane1-s158-index--CAGTAGGT-GTCAGATA-162_S158_R2_001.fastq.gz,0.15,1.81,0.27,0.41
163,moorea,163,-17.47785,-149.78665,lagoon_water,11:58,5/23/21,lane1-s159-index--ATAGCGCT-GTCAGATA-163_S159_R1_001.fastq.gz,lane1-s159-index--ATAGCGCT-GTCAGATA-163_S159_R2_001.fastq.gz,0.17,0.91,0.25,0.21
164,moorea,164,-17.47881,-149.79099,lagoon_water,14:47,5/23/21,lane1-s160-index--TCTAGACT-GTCAGATA-164_S160_R1_001.fastq.gz,lane1-s160-index--TCTAGACT-GTCAGATA-164_S160_R2_001.fastq.gz,0.15,0.83,0.36,0.33
165,moorea,165,-17.47961,-149.79613,lagoon_water,16:15,5/23/21,lane1-s161-index--TCCTCATG-GTCAGATA-165_S161_R1_001.fastq.gz,lane1-s161-index--TCCTCATG-GTCAGATA-165_S161_R2_001.fastq.gz,0.17,0.91,0.77,0.4
166,moorea,166,-17.47499,-149.78672,lagoon_water,11:32,5/23/21,lane1-s162-index--CGAGCTAG-GTCAGATA-166_S162_R1_001.fastq.gz,lane1-s162-index--CGAGCTAG-GTCAGATA-166_S162_R2_001.fastq.gz,0.15,0.75,0.29,0.13
167,moorea,167,-17.47283,-149.78103,lagoon_water,11:06,5/23/21,lane1-s163-index--CTCTAGAG-GTCAGATA-167_S163_R1_001.fastq.gz,lane1-s163-index--CTCTAGAG-GTCAGATA-167_S163_R2_001.fastq.gz,0.13,0.86,0.3,0.9
168,moorea,168,-17.47187,-149.78655,lagoon_water,12:31,5/23/21,lane1-s164-index--ATGAGCTC-GTCAGATA-168_S164_R1_001.fastq.gz,lane1-s164-index--ATGAGCTC-GTCAGATA-168_S164_R2_001.fastq.gz,0.15,0.88,0.27,0.44
169,moorea,169,-17.47434,-149.79374,lagoon_water,15:18,5/23/21,lane1-s165-index--AGCATACC-GTCAGATA-169_S165_R1_001.fastq.gz,lane1-s165-index--AGCATACC-GTCAGATA-169_S165_R2_001.fastq.gz,0.16,0.88,0.31,0.91
170,moorea,170,-17.47682,-149.79501,lagoon_water,15:50,5/23/21,lane1-s166-index--CGTCATAC-GTCAGATA-170_S166_R1_001.fastq.gz,lane1-s166-index--CGTCATAC-GTCAGATA-170_S166_R2_001.fastq.gz,0.16,0.85,0.39,0.84
171,moorea,171,-17.47497,-149.79012,lagoon_water,14:20,5/23/21,lane1-s167-index--TCAGTCTA-GTCAGATA-171_S167_R1_001.fastq.gz,lane1-s167-index--TCAGTCTA-GTCAGATA-171_S167_R2_001.fastq.gz,0.18,0.79,0.36,0.88
172,moorea,172,-17.48044,-149.79966,lagoon_water,10:35,5/25/21,lane1-s168-index--CATCGTGA-GTCAGATA-172_S168_R1_001.fastq.gz,lane1-s168-index--CATCGTGA-GTCAGATA-172_S168_R2_001.fastq.gz,0.17,0.96,0.66,1.66
173,moorea,173,-17.47605,-149.79737,lagoon_water,10:15,5/25/21,lane1-s169-index--GAGCTCGA-GTCAGATA-173_S169_R1_001.fastq.gz,lane1-s169-index--GAGCTCGA-GTCAGATA-173_S169_R2_001.fastq.gz,0.16,0.83,0.44,0.72
175,moorea,175,-17.48082,-149.80484,lagoon_water,11:23,5/25/21,lane1-s170-index--TACTAGGT-ACGACGTG-175_S170_R1_001.fastq.gz,lane1-s170-index--TACTAGGT-ACGACGTG-175_S170_R2_001.fastq.gz,0.12,1,0.58,0.34
176,moorea,176,-17.48256,-149.81385,lagoon_water,15:50,5/25/21,lane1-s171-index--ACGTACGT-ACGACGTG-176_S171_R1_001.fastq.gz,lane1-s171-index--ACGTACGT-ACGACGTG-176_S171_R2_001.fastq.gz,0.17,0.87,0.84,0.75
178,moorea,178,-17.48729,-149.81839,lagoon_water,16:15,5/25/21,lane1-s172-index--CGCGATAT-ACGACGTG-178_S172_R1_001.fastq.gz,lane1-s172-index--CGCGATAT-ACGACGTG-178_S172_R2_001.fastq.gz,0.12,1.59,0.97,0.42
179,moorea,179,-17.4812,-149.8176,lagoon_water,14:50,5/25/21,lane1-s173-index--CTATCGTG-ACGACGTG-179_S173_R1_001.fastq.gz,lane1-s173-index--CTATCGTG-ACGACGTG-179_S173_R2_001.fastq.gz,0.1,0.95,0.34,0.26
180,moorea,180,-17.47708,-149.82124,lagoon_water,9:32,5/26/21,lane1-s174-index--GCGATACG-ACGACGTG-180_S174_R1_001.fastq.gz,lane1-s174-index--GCGATACG-ACGACGTG-180_S174_R2_001.fastq.gz,0.16,1.07,0.49,1.01
181,moorea,181,-17.47478,-149.81489,lagoon_water,13:40,5/25/21,lane1-s175-index--AGTCGCAG-ACGACGTG-181_S175_R1_001.fastq.gz,lane1-s175-index--AGTCGCAG-ACGACGTG-181_S175_R2_001.fastq.gz,0.15,0.84,0.3,0.62
182,moorea,182,-17.47831,-149.81354,lagoon_water,13:15,5/25/21,lane1-s176-index--GTTACAGC-ACGACGTG-182_S176_R1_001.fastq.gz,lane1-s176-index--GTTACAGC-ACGACGTG-182_S176_R2_001.fastq.gz,0.13,0.88,0.3,1.64
183,moorea,183,-17.48035,-149.81365,lagoon_water,12:30,5/25/21,lane1-s177-index--TAACGTCC-ACGACGTG-183_S177_R1_001.fastq.gz,lane1-s177-index--TAACGTCC-ACGACGTG-183_S177_R2_001.fastq.gz,0.15,0.84,0.24,0.91
184,moorea,184,-17.47487,-149.8077,lagoon_water,14:10,5/25/21,lane1-s178-index--CTACGACC-ACGACGTG-184_S178_R1_001.fastq.gz,lane1-s178-index--CTACGACC-ACGACGTG-184_S178_R2_001.fastq.gz,0.17,0.82,0.37,0.93
185,moorea,185,-17.47691,-149.80663,lagoon_water,12:00,5/25/21,lane1-s179-index--GAGACTTA-ACGACGTG-185_S179_R1_001.fastq.gz,lane1-s179-index--GAGACTTA-ACGACGTG-185_S179_R2_001.fastq.gz,0.18,0.82,0.33,0.94
186,moorea,186,-17.47712,-149.8025,lagoon_water,10:56,5/25/21,lane1-s180-index--ACTGTGTA-ACGACGTG-186_S180_R1_001.fastq.gz,lane1-s180-index--ACTGTGTA-ACGACGTG-186_S180_R2_001.fastq.gz,0.18,0.84,0.44,0.9
187,moorea,187,-17.47899,-149.80634,lagoon_water,11:40,5/25/21,lane1-s181-index--TGCGTCAA-ACGACGTG-187_S181_R1_001.fastq.gz,lane1-s181-index--TGCGTCAA-ACGACGTG-187_S181_R2_001.fastq.gz,0.18,0.83,0.36,1.68
188,moorea,188,-17.47807,-149.81724,lagoon_water,15:20,5/25/21,lane1-s182-index--TACTAGGT-ATATACAC-188_S182_R1_001.fastq.gz,lane1-s182-index--TACTAGGT-ATATACAC-188_S182_R2_001.fastq.gz,0.17,0.85,0.28,1.66
200,moorea,200,-17.49044,-149.89176,lagoon_water,13:00,5/24/21,lane1-s183-index--ACGTACGT-ATATACAC-200_S183_R1_001.fastq.gz,lane1-s183-index--ACGTACGT-ATATACAC-200_S183_R2_001.fastq.gz,0.19,0.94,0.45,0.91
201,moorea,201,-17.58183,-149.78965,lagoon_water,15:30,5/22/21,lane1-s184-index--CGCGATAT-ATATACAC-201_S184_R1_001.fastq.gz,lane1-s184-index--CGCGATAT-ATATACAC-201_S184_R2_001.fastq.gz,0.17,0.85,0.13,0.37
202,moorea,202,-17.58791,-149.80488,lagoon_water,11:36,5/26/21,lane1-s185-index--CTATCGTG-ATATACAC-202_S185_R1_001.fastq.gz,lane1-s185-index--CTATCGTG-ATATACAC-202_S185_R2_001.fastq.gz,0.21,2.5,0.45,1.75
203,moorea,203,-17.50637,-149.91716,lagoon_water,14:19,5/19/21,lane1-s186-index--GCGATACG-ATATACAC-203_S186_R1_001.fastq.gz,lane1-s186-index--GCGATACG-ATATACAC-203_S186_R2_001.fastq.gz,0.16,2.84,0.54,1.64
204,moorea,204,-17.50963,-149.76818,lagoon_water,12:18,5/21/21,lane1-s187-index--AGTCGCAG-ATATACAC-204_S187_R1_001.fastq.gz,lane1-s187-index--AGTCGCAG-ATATACAC-204_S187_R2_001.fastq.gz,0.18,1.66,0.06,0.7
205,moorea,205,-17.55094,-149.78795,lagoon_water,16:21,5/22/21,lane1-s188-index--GTTACAGC-ATATACAC-205_S188_R1_001.fastq.gz,lane1-s188-index--GTTACAGC-ATATACAC-205_S188_R2_001.fastq.gz,0.26,11.2,0.39,0.96
206,moorea,206,-17.56594,-149.79259,lagoon_water,11:15,5/22/21,lane1-s189-index--TAACGTCC-ATATACAC-206_S189_R1_001.fastq.gz,lane1-s189-index--TAACGTCC-ATATACAC-206_S189_R2_001.fastq.gz,0.18,1.03,0.37,0.95
207,moorea,207,-17.57248,-149.79544,lagoon_water,13:21,5/22/21,lane1-s190-index--CTACGACC-ATATACAC-207_S190_R1_001.fastq.gz,lane1-s190-index--CTACGACC-ATATACAC-207_S190_R2_001.fastq.gz,0.19,1.11,0.43,1.76
208,moorea,208,-17.55015,-149.88495,lagoon_water,14:30,5/20/21,lane1-s191-index--GAGACTTA-ATATACAC-208_S191_R1_001.fastq.gz,lane1-s191-index--GAGACTTA-ATATACAC-208_S191_R2_001.fastq.gz,0.19,5.15,0.48,0.9
209,moorea,209,-17.5528,-149.88307,lagoon_water,14:10,5/20/21,lane1-s192-index--ACTGTGTA-ATATACAC-209_S192_R1_001.fastq.gz,lane1-s192-index--ACTGTGTA-ATATACAC-209_S192_R2_001.fastq.gz,0.14,1.05,0.34,0.92
210,moorea,210,-17.55789,-149.87744,lagoon_water,12:30,5/20/21,lane1-s193-index--TGCGTCAA-ATATACAC-210_S193_R1_001.fastq.gz,lane1-s193-index--TGCGTCAA-ATATACAC-210_S193_R2_001.fastq.gz,0.21,1.17,0.46,1.73
cooks-1,moorea,Cooks 1,-17.49718,-149.81805,lagoon_water,16:40,5/25/21,lane1-s199-index--AGTCGCAG-CGTCGCTA-Cooks-1_S199_R1_001.fastq.gz,lane1-s199-index--AGTCGCAG-CGTCGCTA-Cooks-1_S199_R2_001.fastq.gz,0.16,1.74,0.09,1.2
lter3b,moorea,LTER 3 Back Reef,-17.5138,-149.76415,lagoon_water,14:05,5/21/21,lane1-s194-index--TACTAGGT-CGTCGCTA-LTERBR_S194_R1_001.fastq.gz,lane1-s194-index--TACTAGGT-CGTCGCTA-LTERBR_S194_R2_001.fastq.gz,0.15,0.69,0.06,0.43
lter3f,moorea,LTER 3 Fringing Reef,-17.51305,-149.76688,lagoon_water,13:30,5/21/21,lane1-s195-index--ACGTACGT-CGTCGCTA-LTER6SF_S195_R1_001.fastq.gz,lane1-s195-index--ACGTACGT-CGTCGCTA-LTER6SF_S195_R2_001.fastq.gz,0.17,0.73,0.12,0.59
lter6f,moorea,LTER 6 Fringing,-17.51553,-149.91452,lagoon_water,12:15,5/19/21,lane1-s196-index--CGCGATAT-CGTCGCTA-LTER6FR_S196_R1_001.fastq.gz,lane1-s196-index--CGCGATAT-CGTCGCTA-LTER6FR_S196_R2_001.fastq.gz,0.22,1.47,0.7,1.78
OPU-1,moorea,OPU 1,-17.50843,-149.85259,lagoon_water,14:31,5/25/21,lane1-s197-index--CTATCGTG-CGTCGCTA-OPU-1_S197_R1_001.fastq.gz,lane1-s197-index--CTATCGTG-CGTCGCTA-OPU-1_S197_R2_001.fastq.gz,0.19,2.11,0.25,1.08
OPU-2,moorea,OPU 2,-17.50654,-149.8576,lagoon_water,14:20,5/25/21,lane1-s198-index--GCGATACG-CGTCGCTA-OPU-2_S198_R1_001.fastq.gz,lane1-s198-index--GCGATACG-CGTCGCTA-OPU-2_S198_R2_001.fastq.gz,0.25,2.53,0.87,1.57
nc1,NA,NA,NA,NA,control,NA,NA,lane1-s044-index--TCTCTATG-CGTGAGTG-NC1_S44_R1_001.fastq.gz,lane1-s044-index--TCTCTATG-CGTGAGTG-NC1_S44_R2_001.fastq.gz,NA,NA,NA,NA
nc2,NA,NA,NA,NA,control,NA,NA,lane1-s086-index--GAGCTCGA-CTACTATA-NC2_S86_R1_001.fastq.gz,lane1-s086-index--GAGCTCGA-CTACTATA-NC2_S86_R2_001.fastq.gz,NA,NA,NA,NA
nc3,NA,NA,NA,NA,control,NA,NA,lane1-s133-index--GAGCTCGA-ACGTCTCG-NC3_S133_R1_001.fastq.gz,lane1-s133-index--GAGCTCGA-ACGTCTCG-NC3_S133_R2_001.fastq.gz,NA,NA,NA,NA